{"cameraMode":{"drawMode":0,"name":"Shaded","section":"Shading Mode"},"sceneLighting":true,"audioPlay":false,"sceneViewState":{"showFog":true,"showMaterialUpdate":false,"showSkybox":true,"showFlares":true,"showImageEffects":true,"showParticleSystems":true},"in2DMode":false,"pivot":{"x":2.0951876640319826,"y":0.22730958461761475,"z":-0.2184196561574936},"rotation":{"x":-0.1657675951719284,"y":-0.5278589725494385,"z":0.10590408742427826,"w":-0.8262413144111633},"size":10.0,"orthographic":false}